Classification Name;Country Name;Data;SUM([Data])/1000;SUM([Data])/1000
China;Pakistan;7704180191,6;7704180,1916;7704180,1916
China;Kenya;1096466123,7;1096466,1237;1096466,1237
China;Angola;845396877,4;845396,8774;845396,8774
China;Ethiopia;541433281,3;541433,2813;541433,2813
China;Lao PDR;533205238,5;533205,2385;533205,2385
China;Zambia;516851633,2;516851,6332;516851,6332
China;Cameroon;511755472,7;511755,4727;511755,4727
Japan;Pakistan;389622891,9;389622,8919;389622,8919
Germany, Fed.Rep. Of;Pakistan;364017605,9;364017,6059;364017,6059
France;Cote d'Ivoire;354642950,8;354642,9508;354642,9508
Japan;Uzbekistan;354101413,4;354101,4134;354101,4134
China;Nigeria;298953897,7;298953,8977;298953,8977
China;Cambodia;283757757,1;283757,7571;283757,7571
China;Myanmar;262699054,8;262699,0548;262699,0548
China;Tanzania;257081229,1;257081,2291;257081,2291
China;Mozambique;241294116,4;241294,1164;241294,1164
China;Congo, Dem. Rep.;240248292,2;240248,2922;240248,2922
China;Bangladesh;231094334,1;231094,3341;231094,3341
China;Congo, Rep.;222910105,3;222910,1053;222910,1053
France;Pakistan;218705393,4;218705,3934;218705,3934
China;Ghana;212688219;212688,219;212688,219
China;Uganda;200583709,2;200583,7092;200583,7092
India;Bhutan;197261055;197261,055;197261,055
China;Uzbekistan;189152346,2;189152,3462;189152,3462
Russian Federation;Bangladesh;188345000;188345;188345
United States;Pakistan;159718081,9;159718,0819;159718,0819
Japan;Bangladesh;142413212,7;142413,2127;142413,2127
China;Djibouti;136153764,3;136153,7643;136153,7643
Multiple Lenders;Bangladesh;135422500;135422,5;135422,5
Saudi Arabia;Yemen, Rep.;133117595,7;133117,5957;133117,5957
Venezuela, Republic Bolivarian;Haiti;129221220,1;129221,2201;129221,2201
Japan;Angola;120548097,4;120548,0974;120548,0974
Germany, Fed.Rep. Of;Myanmar;114753837,8;114753,8378;114753,8378
Russian Federation;Cambodia;114444000;114444;114444
Saudi Arabia;Pakistan;113467672,5;113467,6725;113467,6725
China;Kyrgyz Republic;110767694,4;110767,6944;110767,6944
China;Maldives;108329526,2;108329,5262;108329,5262
China;Cote d'Ivoire;107396973,3;107396,9733;107396,9733
China;Tajikistan;107344909,2;107344,9092;107344,9092
China;Mongolia;103838603,7;103838,6037;103838,6037
France;Cameroon;103730740,8;103730,7408;103730,7408
Saudi Arabia;Mauritania;103522571,5;103522,5715;103522,5715
China;Guinea;99457910,4;99457,9104;99457,9104
France;Myanmar;95581196,7;95581,1967;95581,1967
China;Senegal;92460265,6;92460,2656;92460,2656
France;Kenya;91514710,3;91514,7103;91514,7103
Brazil;Mozambique;88615555,5;88615,5555;88615,5555
Korea, Republic Of;Pakistan;86865791,1;86865,7911;86865,7911
India;Bangladesh;84070401,2;84070,4012;84070,4012
Russian Federation;Yemen, Rep.;83605481,5;83605,4815;83605,4815
Thailand;Lao PDR;83366116,1;83366,1161;83366,1161
Japan;Kenya;75834652,4;75834,6524;75834,6524
France;Senegal;72329755,3;72329,7553;72329,7553
India;Ghana;70431832,4;70431,8324;70431,8324
Russian Federation;Afghanistan;66038333,3;66038,3333;66038,3333
China;Papua New Guinea;65065773,8;65065,7738;65065,7738
Russian Federation;Lao PDR;61944750;61944,75;61944,75
China;Mali;58711154,1;58711,1541;58711,1541
China;Togo;55552493,3;55552,4933;55552,4933
Egypt;Ghana;54078722,2;54078,7222;54078,7222
Australia;Papua New Guinea;53560164;53560,164;53560,164
Multiple Lenders;Congo, Dem. Rep.;51508000;51508;51508
France;Tanzania;50564760,5;50564,7605;50564,7605
India;Ethiopia;49947066,4;49947,0664;49947,0664
South Africa;Angola;49347065,9;49347,0659;49347,0659
France;Nigeria;45081161,1;45081,1611;45081,1611
Japan;Tanzania;41934147,5;41934,1475;41934,1475
India;Tanzania;40079480,2;40079,4802;40079,4802
Libya;Chad;39634500;39634,5;39634,5
India;Zambia;39225851,7;39225,8517;39225,8517
Japan;Mongolia;38905387,3;38905,3873;38905,3873
Japan;Myanmar;38248310,8;38248,3108;38248,3108
China;Mauritania;37783229,4;37783,2294;37783,2294
China;Fiji;37593021,6;37593,0216;37593,0216
China;Chad;36440634,9;36440,6349;36440,6349
India;Senegal;36092490,3;36092,4903;36092,4903
United States;Somalia;34222000;34222;34222
Portugal;Angola;33868583,3;33868,5833;33868,5833
Germany, Fed.Rep. Of;Kenya;32644659,1;32644,6591;32644,6591
Canada;Pakistan;32461352;32461,352;32461,352
India;Cote d'Ivoire;31994451;31994,451;31994,451
Spain;Nicaragua;31419464,2;31419,4642;31419,4642
China;Nepal;30553928,8;30553,9288;30553,9288
Canada;Angola;30109000;30109;30109
India;Mozambique;29036844,2;29036,8442;29036,8442
India;Myanmar;28669201,3;28669,2013;28669,2013
United States;Ghana;28404488,9;28404,4889;28404,4889
China;Niger;28361760,1;28361,7601;28361,7601
Iraq;Mozambique;27792625;27792,625;27792,625
Italy;Ethiopia;27280936,2;27280,9362;27280,9362
Turkey;Senegal;27182303,8;27182,3038;27182,3038
Portugal;Mozambique;27085224,4;27085,2244;27085,2244
Equatorial Guinea;Chad;26482303,7;26482,3037;26482,3037
France;Ethiopia;26201593,2;26201,5932;26201,5932
United Kingdom;Uganda;26115830,6;26115,8306;26115,8306
Japan;Cameroon;25434125,6;25434,1256;25434,1256
Kuwait;Pakistan;24888807,3;24888,8073;24888,8073
China;Benin;24270542,8;24270,5428;24270,5428
China;Guyana;24210720,6;24210,7206;24210,7206
Austria;Myanmar;23699881,5;23699,8815;23699,8815
Russian Federation;Ethiopia;23230000;23230;23230
Russian Federation;Pakistan;23122000;23122;23122
Russian Federation;Zambia;22831202,5;22831,2025;22831,2025
China;Malawi;22813053;22813,053;22813,053
United States;Kenya;22284857,1;22284,8571;22284,8571
Sweden;Pakistan;21865398;21865,398;21865,398
Russian Federation;Mozambique;21475583,4;21475,5834;21475,5834
France;Bangladesh;20953830,2;20953,8302;20953,8302
Belgium;Congo, Rep.;20500499,3;20500,4993;20500,4993
South Africa;Zambia;19691368,4;19691,3684;19691,3684
France;Ghana;19597662,5;19597,6625;19597,6625
Kuwait;Mauritania;19082272,1;19082,2721;19082,2721
China;Samoa;18861999,9;18861,9999;18861,9999
India;Nigeria;18478400;18478,4;18478,4
France;Mali;18113014,2;18113,0142;18113,0142
Switzerland;Pakistan;18105925;18105,925;18105,925
India;Mali;18080209,8;18080,2098;18080,2098
China;Tonga;17992101,1;17992,1011;17992,1011
Turkey;Congo, Rep.;17963073,8;17963,0738;17963,0738
Portugal;Cabo Verde;17938499;17938,499;17938,499
India;Congo, Dem. Rep.;17462072;17462,072;17462,072
Kuwait;Bangladesh;16968794,9;16968,7949;16968,7949
Korea, Republic Of;Angola;16956934,5;16956,9345;16956,9345
China;Rwanda;16953859,5;16953,8595;16953,8595
Brazil;Congo, Rep.;16512600;16512,6;16512,6
Turkey;Cameroon;16210222,2;16210,2222;16210,2222
China;Vanuatu;16059165,6;16059,1656;16059,1656
Turkey;Ghana;16037181,8;16037,1818;16037,1818
France;Mozambique;15737895;15737,895;15737,895
France;Burkina Faso;15665885,5;15665,8855;15665,8855
India;Nepal;15462294,8;15462,2948;15462,2948
Malaysia;Lao PDR;15341000;15341;15341
France;Uganda;15216456,4;15216,4564;15216,4564
Russian Federation;Moldova;15153000;15153;15153
India;Mauritania;14817638,6;14817,6386;14817,6386
Libya;Mozambique;14422153,8;14422,1538;14422,1538
Korea, Republic Of;Bangladesh;14210659,2;14210,6592;14210,6592
Kuwait;Senegal;14157671,1;14157,6711;14157,6711
Japan;Cambodia;14022735,6;14022,7356;14022,7356
France;Congo, Rep.;13988505,3;13988,5053;13988,5053
France;Niger;13973257,8;13973,2578;13973,2578
France;Guinea;13672568,5;13672,5685;13672,5685
United States;Cameroon;13388382,6;13388,3826;13388,3826
Saudi Arabia;Bangladesh;13204865;13204,865;13204,865
Angola;Guinea;12909561,4;12909,5614;12909,5614
Japan;Papua New Guinea;12544758,2;12544,7582;12544,7582
France;Cambodia;12531454,5;12531,4545;12531,4545
India;Cameroon;12478771,4;12478,7714;12478,7714
Japan;Kyrgyz Republic;12245410;12245,41;12245,41
Multiple Lenders;Pakistan;12115944,4;12115,9444;12115,9444
Kuwait;Ethiopia;11735238,4;11735,2384;11735,2384
India;Kenya;11516511,9;11516,5119;11516,5119
Saudi Arabia;Mali;11284935,5;11284,9355;11284,9355
Saudi Arabia;Guinea;11095241,2;11095,2412;11095,2412
Korea, Republic Of;Myanmar;11026781,4;11026,7814;11026,7814
France;Mauritania;10703756,4;10703,7564;10703,7564
Japan;Yemen, Rep.;10640716;10640,716;10640,716
Japan;Nepal;10464158,9;10464,1589;10464,1589
Libya;Mauritania;10413333,3;10413,3333;10413,3333
Saudi Arabia;Senegal;10352825,9;10352,8259;10352,8259
Korea, Republic Of;Tanzania;10286758,6;10286,7586;10286,7586
Germany, Fed.Rep. Of;Mauritania;10171515,6;10171,5156;10171,5156
India;Malawi;10056553,6;10056,5536;10056,5536
Italy;Djibouti;9936695,2;9936,6952;9936,6952
Korea, Republic Of;Lao PDR;9882389,9;9882,3899;9882,3899
India;Chad;9809597,4;9809,5974;9809,5974
Netherlands;Pakistan;9774275,1;9774,2751;9774,2751
China;Yemen, Rep.;9667634,2;9667,6342;9667,6342
China;Gambia, The;9645129,6;9645,1296;9645,1296
United States;Moldova;9537600;9537,6;9537,6
Russian Federation;Uzbekistan;9458229,3;9458,2293;9458,2293
Germany, Fed.Rep. Of;Ghana;9380531,5;9380,5315;9380,5315
India;Congo, Rep.;8982505,3;8982,5053;8982,5053
Kuwait;Djibouti;8775517,5;8775,5175;8775,5175
Austria;Pakistan;8748882;8748,882;8748,882
Norway;Cameroon;8481732,5;8481,7325;8481,7325
Korea, Republic Of;Cambodia;8441941,2;8441,9412;8441,9412
Japan;Uganda;8413021,6;8413,0216;8413,0216
Russian Federation;Congo, Rep.;8285750;8285,75;8285,75
Spain;Honduras;8252246,8;8252,2468;8252,2468
Italy;Pakistan;8249554,7;8249,5547;8249,5547
United Kingdom;Zambia;8248717,9;8248,7179;8248,7179
China;Madagascar;8239301,2;8239,3012;8239,3012
China;Lesotho;8124686,1;8124,6861;8124,6861
Saudi Arabia;Djibouti;8019895,6;8019,8956;8019,8956
Saudi Arabia;Uzbekistan;8010329,1;8010,3291;8010,3291
China;Honduras;7954000;7954;7954
Spain;Angola;7912285,8;7912,2858;7912,2858
France;Zambia;7912087,5;7912,0875;7912,0875
Germany, Fed.Rep. Of;Bangladesh;7876744,8;7876,7448;7876,7448
Italy;Myanmar;7766993,3;7766,9933;7766,9933
Kuwait;Benin;7751139,8;7751,1398;7751,1398
France;Uzbekistan;7674901,7;7674,9017;7674,9017
Venezuela, Republic Bolivarian;Honduras;7644081,2;7644,0812;7644,0812
India;Niger;7624250,2;7624,2502;7624,2502
Kuwait;Yemen, Rep.;7606831,9;7606,8319;7606,8319
Kuwait;Mali;7588062,9;7588,0629;7588,0629
Turkey;Kyrgyz Republic;7537523,8;7537,5238;7537,5238
Turkey;Ethiopia;7448000;7448;7448
Korea, Republic Of;Ethiopia;7363611,4;7363,6114;7363,6114
Denmark;Bangladesh;7304137,4;7304,1374;7304,1374
Spain;Kenya;7274147,7;7274,1477;7274,1477
Germany, Fed.Rep. Of;Uzbekistan;7256251,3;7256,2513;7256,2513
Saudi Arabia;Maldives;7170234,7;7170,2347;7170,2347
China;Burkina Faso;7031866,9;7031,8669;7031,8669
China;Sierra Leone;7028084,8;7028,0848;7028,0848
Germany, Fed.Rep. Of;Kosovo;7011686;7011,686;7011,686
Norway;Pakistan;6978924;6978,924;6978,924
Kuwait;Uzbekistan;6844663,9;6844,6639;6844,6639
Saudi Arabia;Ethiopia;6808415;6808,415;6808,415
France;Madagascar;6771790,5;6771,7905;6771,7905
United States;Yemen, Rep.;6756953,8;6756,9538;6756,9538
India;Cambodia;6729222,3;6729,2223;6729,2223
Belgium;Kenya;6631691,9;6631,6919;6631,6919
India;Central African Republic;6628933,3;6628,9333;6628,9333
India;Maldives;6608844,6;6608,8446;6608,8446
India;Burundi;6599444,4;6599,4444;6599,4444
Venezuela, Republic Bolivarian;Guyana;6584226,2;6584,2262;6584,2262
Kuwait;Burkina Faso;6578855,8;6578,8558;6578,8558
Kuwait;Guinea;6561066,4;6561,0664;6561,0664
United Kingdom;Myanmar;6461251,2;6461,2512;6461,2512
Brazil;Honduras;6400692,3;6400,6923;6400,6923
Saudi Arabia;Niger;6296818,2;6296,8182;6296,8182
Switzerland;Congo, Rep.;6249686,8;6249,6868;6249,6868
India;Angola;6212071,4;6212,0714;6212,0714
Saudi Arabia;Tajikistan;6136451;6136,451;6136,451
Spain;Pakistan;6081333,3;6081,3333;6081,3333
Multiple Lenders;Honduras;6075503;6075,503;6075,503
India;Togo;6058952,4;6058,9524;6058,9524
Kuwait;Gambia, The;6050404,6;6050,4046;6050,4046
Angola;Chad;5956692,3;5956,6923;5956,6923
Multiple Lenders;Haiti;5944853,2;5944,8532;5944,8532
India;Lao PDR;5808052,9;5808,0529;5808,0529
Belgium;Pakistan;5787725,4;5787,7254;5787,7254
Congo, Rep.;Niger;5773444,4;5773,4444;5773,4444
Cameroon;Chad;5704066,3;5704,0663;5704,0663
Korea, Republic Of;Ghana;5683832,9;5683,8329;5683,8329
Belarus;Bangladesh;5659000;5659;5659
France;Cabo Verde;5571022,1;5571,0221;5571,0221
Kuwait;Honduras;5441393,4;5441,3934;5441,3934
Kuwait;Rwanda;5342105,9;5342,1059;5342,1059
Poland;Angola;5325363,7;5325,3637;5325,3637
Spain;Senegal;5305741,5;5305,7415;5305,7415
Germany, Fed.Rep. Of;Mongolia;5201911,8;5201,9118;5201,9118
Qatar;Guinea;5071666,7;5071,6667;5071,6667
Kuwait;Togo;5056308,7;5056,3087;5056,3087
Kuwait;Sierra Leone;5038154,6;5038,1546;5038,1546
Korea, Republic Of;Nicaragua;4857407,5;4857,4075;4857,4075
India;Guinea-Bissau;4856363,6;4856,3636;4856,3636
Spain;Ghana;4855585;4855,585;4855,585
Iran, Islamic Republic Of;Nicaragua;4798500;4798,5;4798,5
Spain;Cabo Verde;4752025,9;4752,0259;4752,0259
Kuwait;Mongolia;4633947,9;4633,9479;4633,9479
United Arab Emirates;Pakistan;4546363,6;4546,3636;4546,3636
Saudi Arabia;Gambia, The;4526117,4;4526,1174;4526,1174
Poland;Ethiopia;4488579,2;4488,5792;4488,5792
United Arab Emirates;Bangladesh;4479216;4479,216;4479,216
United Arab Emirates;Mali;4449591,6;4449,5916;4449,5916
Korea, Republic Of;Uzbekistan;4429738;4429,738;4429,738
Spain;Mauritania;4419098,1;4419,0981;4419,0981
India;Gambia, The;4394141,4;4394,1414;4394,1414
Kuwait;Tajikistan;4286097,3;4286,0973;4286,0973
Germany, Fed.Rep. Of;Kyrgyz Republic;4218818,1;4218,8181;4218,8181
Kuwait;Tanzania;4202859,9;4202,8599;4202,8599
India;Djibouti;4168600;4168,6;4168,6
Germany, Fed.Rep. Of;Ethiopia;4167968;4167,968;4167,968
Multiple Lenders;Congo, Rep.;4136000;4136;4136
Korea, Republic Of;Mongolia;4107860,4;4107,8604;4107,8604
Saudi Arabia;Afghanistan;4092454,3;4092,4543;4092,4543
Korea, Republic Of;Nepal;4081008,5;4081,0085;4081,0085
Japan;Lao PDR;4073903,5;4073,9035;4073,9035
Spain;Cote d'Ivoire;4027202,9;4027,2029;4027,2029
Iraq;Mali;4024000;4024;4024
Kuwait;Malawi;3919301,4;3919,3014;3919,3014
Saudi Arabia;Rwanda;3876699,2;3876,6992;3876,6992
Kuwait;Niger;3822777,5;3822,7775;3822,7775
Finland;Kenya;3786055,3;3786,0553;3786,0553
Thailand;Cambodia;3749542,4;3749,5424;3749,5424
France;Yemen, Rep.;3675219,8;3675,2198;3675,2198
Kuwait;Maldives;3649923,8;3649,9238;3649,9238
Saudi Arabia;Burkina Faso;3521313,8;3521,3138;3521,3138
India;Sierra Leone;3464272,6;3464,2726;3464,2726
Kuwait;Mozambique;3450629,7;3450,6297;3450,6297
China;Cabo Verde;3400350,9;3400,3509;3400,3509
Japan;Timor-Leste;3388494,9;3388,4949;3388,4949
France;Benin;3382325,3;3382,3253;3382,3253
China;Dominica;3332121,6;3332,1216;3332,1216
Austria;Bhutan;3189401,7;3189,4017;3189,4017
Japan;Mozambique;3181341,6;3181,3416;3181,3416
Kuwait;Lesotho;3167650,5;3167,6505;3167,6505
France;Dominica;3161361;3161,361;3161,361
Belarus;Mongolia;3046241;3046,241;3046,241
Germany, Fed.Rep. Of;Cameroon;2967010,7;2967,0107;2967,0107
Saudi Arabia;Benin;2940060;2940,06;2940,06
China;Central African Republic;2934671,6;2934,6716;2934,6716
Kuwait;Ghana;2917298,8;2917,2988;2917,2988
United States;Angola;2909850;2909,85;2909,85
France;Somalia;2849621,6;2849,6216;2849,6216
Kuwait;Cote d'Ivoire;2818676,5;2818,6765;2818,6765
Poland;Tanzania;2807543,9;2807,5439;2807,5439
Multiple Lenders;St. Lucia;2798444,4;2798,4444;2798,4444
India;Rwanda;2772000;2772;2772
Kuwait;Liberia;2741046,8;2741,0468;2741,0468
Trinidad & Tobago;Grenada;2737333,3;2737,3333;2737,3333
India;Honduras;2732463,7;2732,4637;2732,4637
Multiple Lenders;Nicaragua;2722158,9;2722,1589;2722,1589
Korea, Republic Of;Kenya;2687522,9;2687,5229;2687,5229
United Arab Emirates;Tanzania;2676028,4;2676,0284;2676,0284
Brazil;Benin;2668346,2;2668,3462;2668,3462
Saudi Arabia;Cote d'Ivoire;2623926,7;2623,9267;2623,9267
Saudi Arabia;Burundi;2620666,6;2620,6666;2620,6666
India;Nicaragua;2615316,1;2615,3161;2615,3161
United States;Uzbekistan;2612398,4;2612,3984;2612,3984
India;Burkina Faso;2611500;2611,5;2611,5
China;Comoros;2550337;2550,337;2550,337
Korea, Republic Of;Mozambique;2537611,5;2537,6115;2537,6115
China;St. Vincent and the Grenadines;2525760;2525,76;2525,76
United Kingdom;Benin;2523432,8;2523,4328;2523,4328
Congo, Rep.;Guinea;2520694,9;2520,6949;2520,6949
France;Honduras;2513506,2;2513,5062;2513,5062
Iraq;Mauritania;2490809,5;2490,8095;2490,8095
India;Mongolia;2469888,9;2469,8889;2469,8889
Japan;Moldova;2469135,8;2469,1358;2469,1358
Korea, Republic Of;Sierra Leone;2431284,5;2431,2845;2431,2845
Korea, Republic Of;Cameroon;2361925,4;2361,9254;2361,9254
Spain;Cameroon;2352976,5;2352,9765;2352,9765
Kuwait;Cameroon;2349931,8;2349,9318;2349,9318
Angola;Mozambique;2330647,1;2330,6471;2330,6471
Kuwait;St. Lucia;2303278,5;2303,2785;2303,2785
Multiple Lenders;Gambia, The;2302128,6;2302,1286;2302,1286
Kuwait;Madagascar;2234501,3;2234,5013;2234,5013
Turkey;Djibouti;2231000;2231;2231
Multiple Lenders;Grenada;2221058,8;2221,0588;2221,0588
Spain;Mozambique;2215205,6;2215,2056;2215,2056
France;Maldives;2189806,6;2189,8066;2189,8066
Japan;Samoa;2178370,2;2178,3702;2178,3702
Saudi Arabia;Kyrgyz Republic;2161659,8;2161,6598;2161,6598
Hungary;Lao PDR;2148615,3;2148,6153;2148,6153
Poland;Mozambique;2125000;2125;2125
United Arab Emirates;Lesotho;2117532;2117,532;2117,532
Kuwait;Nicaragua;2075255,2;2075,2552;2075,2552
Saudi Arabia;Lesotho;2059492,1;2059,4921;2059,4921
Multiple Lenders;Chad;1978000;1978;1978
Kuwait;Grenada;1824758,7;1824,7587;1824,7587
United Arab Emirates;Gambia, The;1805205,7;1805,2057;1805,2057
Kuwait;Uganda;1787260,5;1787,2605;1787,2605
China;Grenada;1783908,8;1783,9088;1783,9088
India;Benin;1758019,5;1758,0195;1758,0195
Japan;Zambia;1755081,2;1755,0812;1755,0812
Korea, Republic Of;Yemen, Rep.;1674099,8;1674,0998;1674,0998
Austria;Grenada;1665909,1;1665,9091;1665,9091
Kuwait;Cabo Verde;1664936,8;1664,9368;1664,9368
Saudi Arabia;Uganda;1660302;1660,302;1660,302
Italy;Yemen, Rep.;1656205,5;1656,2055;1656,2055
Netherlands;Myanmar;1653520,5;1653,5205;1653,5205
Japan;Cabo Verde;1627587,7;1627,5877;1627,5877
Germany, Fed.Rep. Of;Cote d'Ivoire;1615087,6;1615,0876;1615,0876
India;Madagascar;1613250;1613,25;1613,25
India;Guyana;1593975,6;1593,9756;1593,9756
China;Liberia;1572511,3;1572,5113;1572,5113
Saudi Arabia;Congo, Rep.;1550666,6;1550,6666;1550,6666
Germany, Fed.Rep. Of;Honduras;1545768,4;1545,7684;1545,7684
Kuwait;Guinea-Bissau;1543801,7;1543,8017;1543,8017
Russian Federation;Tanzania;1538750;1538,75;1538,75
Saudi Arabia;Malawi;1517288,6;1517,2886;1517,2886
Germany, Fed.Rep. Of;Nicaragua;1513165,6;1513,1656;1513,1656
Saudi Arabia;Ghana;1506105;1506,105;1506,105
Japan;Bhutan;1479174,5;1479,1745;1479,1745
Multiple Lenders;Solomon Islands;1445500;1445,5;1445,5
Czech Republic;Ghana;1445170,2;1445,1702;1445,1702
Venezuela, Republic Bolivarian;Gambia, The;1442250;1442,25;1442,25
Saudi Arabia;Nepal;1440683;1440,683;1440,683
Poland;Uzbekistan;1424000;1424;1424
Italy;Honduras;1412127,7;1412,1277;1412,1277
Belgium;Cameroon;1360145,9;1360,1459;1360,1459
Kuwait;Lao PDR;1352163,4;1352,1634;1352,1634
France;Chad;1350436,8;1350,4368;1350,4368
Kuwait;Chad;1348618,3;1348,6183;1348,6183
Belgium;Ghana;1348206;1348,206;1348,206
Trinidad & Tobago;St. Lucia;1348000;1348;1348
United States;Tajikistan;1333357,1;1333,3571;1333,3571
United Arab Emirates;Mauritania;1278293,5;1278,2935;1278,2935
Brazil;Ghana;1257500;1257,5;1257,5
Finland;Pakistan;1254333,3;1254,3333;1254,3333
Czech Republic;Senegal;1248011,9;1248,0119;1248,0119
Spain;Yemen, Rep.;1242855,2;1242,8552;1242,8552
Saudi Arabia;Sierra Leone;1233778;1233,778;1233,778
Germany, Fed.Rep. Of;Nigeria;1230342,8;1230,3428;1230,3428
United Kingdom;Pakistan;1230240,4;1230,2404;1230,2404
Saudi Arabia;Cameroon;1216962,9;1216,9629;1216,9629
United Kingdom;St. Vincent and the Grenadines;1187000;1187;1187
Saudi Arabia;Congo, Dem. Rep.;1185771,4;1185,7714;1185,7714
Saudi Arabia;Cabo Verde;1181375,5;1181,3755;1181,3755
Korea, Republic Of;Madagascar;1179639;1179,639;1179,639
Saudi Arabia;Comoros;1155827,7;1155,8277;1155,8277
Bulgaria;Afghanistan;1139190,4;1139,1904;1139,1904
Libya;Mali;1113666,7;1113,6667;1113,6667
Japan;Fiji;1097393,7;1097,3937;1097,3937
United Arab Emirates;St. Vincent and the Grenadines;1095497,4;1095,4974;1095,4974
Austria;Cabo Verde;1083003,1;1083,0031;1083,0031
Saudi Arabia;Mozambique;1068410,3;1068,4103;1068,4103
United Arab Emirates;Senegal;1067997,8;1067,9978;1067,9978
United Arab Emirates;Tajikistan;1061916,7;1061,9167;1061,9167
Romania;Mozambique;1041777,8;1041,7778;1041,7778
Germany, Fed.Rep. Of;Senegal;1034802,5;1034,8025;1034,8025
Saudi Arabia;Guinea-Bissau;1024771,9;1024,7719;1024,7719
Spain;Mongolia;990458,7;990,4587;990,4587
United Arab Emirates;Kyrgyz Republic;987093,3;987,0933;987,0933
United Arab Emirates;Kenya;981387,1;981,3871;981,3871
Portugal;Sao Tome and Principe;973299,8;973,2998;973,2998
Austria;Uganda;970638,2;970,6382;970,6382
France;Comoros;960649,1;960,6491;960,6491
Italy;Angola;942539;942,539;942,539
India;Guinea;942000;942;942
Kuwait;Kenya;941665,6;941,6656;941,6656
Multiple Lenders;Niger;938555,6;938,5556;938,5556
Germany, Fed.Rep. Of;Tajikistan;932087,1;932,0871;932,0871
France;St. Lucia;918312,1;918,3121;918,3121
Kuwait;Nepal;908466,6;908,4666;908,4666
Saudi Arabia;Kenya;907726,1;907,7261;907,7261
China;Burundi;901406,7;901,4067;901,4067
France;Mongolia;901294,5;901,2945;901,2945
Saudi Arabia;Madagascar;891292,8;891,2928;891,2928
United Arab Emirates;Sierra Leone;873331;873,331;873,331
Saudi Arabia;Liberia;856593,3;856,5933;856,5933
Spain;Uzbekistan;834916,1;834,9161;834,9161
Korea, Republic Of;Kyrgyz Republic;830889,5;830,8895;830,8895
Denmark;Kenya;825865,2;825,8652;825,8652
Japan;Maldives;824796,4;824,7964;824,7964
Japan;Vanuatu;817645,8;817,6458;817,6458
France;Djibouti;788839,8;788,8398;788,8398
Spain;Djibouti;785256,5;785,2565;785,2565
Kuwait;Kyrgyz Republic;753106,8;753,1068;753,1068
United Arab Emirates;Burkina Faso;734221,5;734,2215;734,2215
Belgium;Burkina Faso;719106,7;719,1067;719,1067
United Arab Emirates;Mongolia;713138,2;713,1382;713,1382
Libya;Guinea-Bissau;710625;710,625;710,625
United States;Grenada;708803,9;708,8039;708,8039
Saudi Arabia;Zambia;691240;691,24;691,24
United Arab Emirates;Djibouti;681443,2;681,4432;681,4432
Belgium;Nepal;674838,2;674,8382;674,8382
United Kingdom;Somalia;670120,8;670,1208;670,1208
Kuwait;Congo, Dem. Rep.;669237,8;669,2378;669,2378
United Arab Emirates;Niger;613614,7;613,6147;613,6147
Multiple Lenders;Guinea-Bissau;607000;607;607
Venezuela, Republic Bolivarian;Dominica;598000;598;598
Kuwait;Burundi;597024,8;597,0248;597,0248
Korea, Republic Of;Senegal;595263,4;595,2634;595,2634
Saudi Arabia;Central African Republic;580800;580,8;580,8
India;Lesotho;579857,1;579,8571;579,8571
Venezuela, Republic Bolivarian;Grenada;573000;573;573
Belgium;Niger;571837,2;571,8372;571,8372
Italy;Ghana;548394,1;548,3941;548,3941
Sweden;Mongolia;543000;543;543
Belgium;Senegal;540842,8;540,8428;540,8428
France;Grenada;540598;540,598;540,598
Kuwait;Dominica;532231,4;532,2314;532,2314
Spain;Burkina Faso;529113;529,113;529,113
Netherlands;Angola;527162,5;527,1625;527,1625
United Arab Emirates;Maldives;523948,7;523,9487;523,9487
Belgium;Mali;517362,3;517,3623;517,3623
Austria;Mali;515333;515,333;515,333
Finland;Myanmar;494201,9;494,2019;494,2019
Saudi Arabia;Togo;493537,7;493,5377;493,5377
Sweden;Tanzania;489847,9;489,8479;489,8479
Belgium;Gambia, The;479089,8;479,0898;479,0898
Germany, Fed.Rep. Of;Cambodia;476952,7;476,9527;476,9527
United States;St. Vincent and the Grenadines;471333,3;471,3333;471,3333
Barbados;Grenada;461909;461,909;461,909
Kuwait;St. Vincent and the Grenadines;459283,7;459,2837;459,2837
Angola;Sao Tome and Principe;457142,9;457,1429;457,1429
Spain;Bangladesh;452000;452;452
Switzerland;Bangladesh;424564,5;424,5645;424,5645
Japan;Senegal;424269,2;424,2692;424,2692
France;Rwanda;414531,6;414,5316;414,5316
France;Angola;368749;368,749;368,749
United States;Cote d'Ivoire;366855,1;366,8551;366,8551
India;Comoros;357142,9;357,1429;357,1429
Saudi Arabia;Chad;355897,6;355,8976;355,8976
Denmark;Kyrgyz Republic;355725,8;355,7258;355,7258
Germany, Fed.Rep. Of;Papua New Guinea;353148,7;353,1487;353,1487
France;Nepal;351015,8;351,0158;351,0158
United Arab Emirates;Malawi;343042,5;343,0425;343,0425
Belgium;Uzbekistan;337514,8;337,5148;337,5148
United Arab Emirates;Benin;321675,4;321,6754;321,6754
Kuwait;Congo, Rep.;315151,5;315,1515;315,1515
China;Nicaragua;314000;314;314
Germany, Fed.Rep. Of;Moldova;313619,7;313,6197;313,6197
France;Kyrgyz Republic;282435;282,435;282,435
France;Togo;276421,7;276,4217;276,4217
Austria;Senegal;274315,7;274,3157;274,3157
India;Fiji;274000;274;274
Belgium;Maldives;270427,2;270,4272;270,4272
Kuwait;Comoros;265564,7;265,5647;265,5647
Libya;Pakistan;260669,9;260,6699;260,6699
Germany, Fed.Rep. Of;Uganda;254003;254,003;254,003
Belgium;Mongolia;251570,4;251,5704;251,5704
Switzerland;Honduras;240677,9;240,6779;240,6779
Saudi Arabia;Myanmar;233037,4;233,0374;233,0374
United Arab Emirates;Burundi;231722,3;231,7223;231,7223
Italy;Guyana;219312,5;219,3125;219,3125
Vietnam;Cambodia;218000;218;218
Spain;Somalia;202000;202;202
United Kingdom;Grenada;200219,3;200,2193;200,2193
Austria;Kenya;199849,1;199,8491;199,8491
France;Nicaragua;195132;195,132;195,132
Saudi Arabia;Somalia;194941,9;194,9419;194,9419
Saudi Arabia;Kosovo;193555,6;193,5556;193,5556
United States;Honduras;193444,4;193,4444;193,4444
Nigeria;Ghana;169000;169;169
Spain;Madagascar;164476,2;164,4762;164,4762
Belgium;Malawi;157494,3;157,4943;157,4943
United Arab Emirates;Rwanda;153476,2;153,4762;153,4762
United Arab Emirates;Uganda;151940,1;151,9401;151,9401
Austria;Tanzania;150964;150,964;150,964
United Arab Emirates;Togo;149761,7;149,7617;149,7617
United Arab Emirates;Madagascar;147038,8;147,0388;147,0388
Italy;Kenya;142292,3;142,2923;142,2923
Japan;Nigeria;140092,8;140,0928;140,0928
Japan;Nicaragua;126361,8;126,3618;126,3618
United Arab Emirates;Uzbekistan;124000;124;124
Spain;Uganda;115525,2;115,5252;115,5252
Kuwait;Afghanistan;112396,7;112,3967;112,3967
India;Liberia;112000;112;112
Belgium;Tanzania;108244,2;108,2442;108,2442
Kuwait;Central African Republic;99173,6;99,1736;99,1736
United States;Maldives;95624,2;95,6242;95,6242
Saudi Arabia;Tanzania;91933,4;91,9334;91,9334
Japan;Burkina Faso;87558;87,558;87,558
Poland;Myanmar;83812,4;83,8124;83,8124
Korea, Republic Of;Honduras;82452;82,452;82,452
Belgium;Djibouti;79293,1;79,2931;79,2931
Belgium;Bangladesh;70221,2;70,2212;70,2212
Thailand;Myanmar;65350,3;65,3503;65,3503
France;Congo, Dem. Rep.;61537,9;61,5379;61,5379
Austria;Ghana;53483,9;53,4839;53,4839
Brazil;Sao Tome and Principe;52500;52,5;52,5
United States;Guyana;52125;52,125;52,125
Belgium;Sao Tome and Principe;49501,3;49,5013;49,5013
United Arab Emirates;Zambia;49012,9;49,0129;49,0129
United Arab Emirates;Ethiopia;47586,6;47,5866;47,5866
Multiple Lenders;Dominica;46428,6;46,4286;46,4286
Belgium;Cabo Verde;44694,1;44,6941;44,6941
Korea, Republic Of;Mali;42777,3;42,7773;42,7773
Denmark;Somalia;41382,8;41,3828;41,3828
Belize;Dominica;30000;30;30
Poland;Mongolia;29447,6;29,4476;29,4476
Korea, Republic Of;Cote d'Ivoire;28000;28;28
Poland;Moldova;27371,2;27,3712;27,3712
Italy;Mali;24917,2;24,9172;24,9172
Italy;Nicaragua;22652;22,652;22,652
Belgium;Angola;22274,5;22,2745;22,2745
Norway;Somalia;18140,6;18,1406;18,1406
Japan;Solomon Islands;17511,6;17,5116;17,5116
Korea, Republic Of;Congo, Dem. Rep.;12000;12;12
Benin;Central African Republic;8258,5;8,2585;8,2585
Netherlands;Somalia;6795,6;6,7956;6,7956
Japan;Cote d'Ivoire;5003,3;5,0033;5,0033
United Kingdom;Guyana;2686,8;2,6868;2,6868
Korea, Republic Of;Rwanda;2324,8;2,3248;2,3248
Korea, Republic Of;Uganda;2228,6;2,2286;2,2286
Congo, Rep.;Central African Republic;478,3;0,4783;0,4783
Cote D`Ivoire, Republic Of;Mali;208,9;0,2089;0,2089
Japan;Rwanda;0;0;0
Japan;Honduras;0;0;0
Japan;Ethiopia;0;0;0
Japan;Ghana;0;0;0
Libya;Tanzania;0;0;0
New Zealand;Cameroon;0;0;0
Italy;Mongolia;0;0;0
Korea, Republic Of;Zambia;0;0;0
Kuwait;Zambia;0;0;0
Norway;Benin;0;0;0
Russian Federation;Grenada;0;0;0
India;Uganda;0;0;0
Japan;Madagascar;0;0;0
Russian Federation;Madagascar;0;0;0
France;Kosovo;0;0;0
India;Papua New Guinea;0;0;0
Canada;Ethiopia;0;0;0
